0,The Dark Knight,Action,Crime,Drama
1,The Lord of the Rings: The Return of the King,Action,Adventure,Drama
2,Inception,Action,Adventure,Sci-Fi
3,The Lord of the Rings: The Two Towers,Action,Adventure,Drama
4,The Lord of the Rings: The Fellowship of the Ring,Action,Adventure,Drama
6,The Empire Strikes Back,Action,Adventure,Fantasy
9,Star Wars,Action,Adventure,Fantasy
10,Seppuku,Action,Drama,Mystery
12,Gladiator,Action,Adventure,Drama
13,Léon,Action,Crime,Drama
14,Spider-Man: Into the Spider-Verse,Animation,Action,Adventure
15,Avengers: Endgame,Action,Adventure,Drama
16,Avengers: Infinity War,Action,Adventure,Sci-Fi
18,Oldeuboi,Action,Drama,Mystery
19,Aliens,Action,Adventure,Sci-Fi
21,Dangal,Action,Biography,Drama
22,Spider-Man: No Way Home,Action,Adventure,Fantasy
23,Heat,Action,Crime,Drama
24,Star Wars: Episode VI - Return of the Jedi,Action,Adventure,Fantasy
25,North by Northwest,Action,Adventure,Mystery
26,1917,Action,Drama,War
27,Everything Everywhere All at Once,Action,Adventure,Comedy
28,Warrior,Action,Drama,Sport
29,V for Vendetta,Action,Drama,Sci-Fi
30,Batman Begins,Action,Crime,Drama
31,Kill Bill: Vol. 1,Action,Crime,Drama
32,"Lock, Stock and Two Smoking Barrels",Action,Comedy,Crime
33,Jurassic Park,Action,Adventure,Sci-Fi
36,Ran,Action,Drama,War
37,Yôjinbô,Action,Drama,Thriller
38,The General,Action,Adventure,Comedy
39,Sherlock Jr.,Action,Comedy,Romance
40,Logan,Action,Drama,Sci-Fi
41,Rush,Action,Biography,Drama
42,Ford v Ferrari,Action,Biography,Drama
43,Mad Max: Fury Road,Action,Adventure,Sci-Fi
44,How to Train Your Dragon,Animation,Action,Adventure
45,Pirates of the Caribbean: The Curse of the Black Pearl,Action,Adventure,Fantasy
47,Blade Runner,Action,Drama,Sci-Fi
48,The Incredibles,Animation,Action,Adventure
0,Rocketry: The Nambi Effect,Action,Biography,Drama
1,Inception,Action,Adventure,Sci-Fi
3,The Empire Strikes Back,Action,Adventure,Fantasy
4,Interstellar,Adventure,Drama,Sci-Fi
6,Star Wars,Action,Adventure,Fantasy
7,The Prestige,Drama,Mystery,Sci-Fi
8,Back to the Future,Adventure,Comedy,Sci-Fi
10,Spider-Man: Into the Spider-Verse,Animation,Action,Adventure
11,Avengers: Endgame,Action,Adventure,Drama
12,Avengers: Infinity War,Action,Adventure,Sci-Fi
13,WALL·E,Animation,Adventure,Family
14,Aliens,Action,Adventure,Sci-Fi
15,Spider-Man: No Way Home,Action,Adventure,Fantasy
16,Eternal Sunshine of the Spotless Mind,Drama,Romance,Sci-Fi
17,Star Wars: Episode VI - Return of the Jedi,Action,Adventure,Fantasy
21,Everything Everywhere All at Once,Action,Adventure,Comedy
22,It's Such a Beautiful Day,Animation,Comedy,Drama
23,V for Vendetta,Action,Drama,Sci-Fi
24,Jurassic Park,Action,Adventure,Sci-Fi
25,The Thing,Horror,Mystery,Sci-Fi
26,Logan,Action,Drama,Sci-Fi
27,Mad Max: Fury Road,Action,Adventure,Sci-Fi
28,The Iron Giant,Animation,Action,Adventure
30,Blade Runner,Action,Drama,Sci-Fi
31,The Martian,Adventure,Drama,Sci-Fi
32,Guardians of the Galaxy,Action,Adventure,Comedy
33,Blade Runner 2049,Action,Drama,Mystery
34,Her,Drama,Romance,Sci-Fi
35,Deadpool,Action,Adventure,Comedy
36,Zack Snyder's Justice League,Action,Adventure,Fantasy
37,Dune: Part One,Action,Adventure,Drama
38,The Avengers,Action,Adventure,Sci-Fi
39,G.O.R.A.,Adventure,Comedy,Sci-Fi
40,Donnie Darko,Drama,Mystery,Sci-Fi
41,Twelve Monkeys,Mystery,Sci-Fi,Thriller
42,Kin-dza-dza!,Comedy,Drama,Sci-Fi
44,Thor: Ragnarok,Action,Adventure,Comedy
45,Arrival,Drama,Mystery,Sci-Fi
46,X-Men: Days of Future Past,Action,Adventure,Sci-Fi
47,Edge of Tomorrow,Action,Adventure,Sci-Fi
48,District 9,Action,Sci-Fi,Thriller
49,Star Trek,Action,Adventure,Sci-Fi
2,The Dark Knight,Action,Crime,Drama
3,The Lord of the Rings: The Return of the King,Action,Adventure,Drama
4,Schindler's List,Biography,Drama,History
7,Jai Bhim,Crime,Drama,Mystery
9,The Lord of the Rings: The Two Towers,Action,Adventure,Drama
11,The Lord of the Rings: The Fellowship of the Ring,Action,Adventure,Drama
13,Goodfellas,Biography,Crime,Drama
16,Interstellar,Adventure,Drama,Sci-Fi
19,The Green Mile,Crime,Drama,Fantasy
20,La vita è bella,Comedy,Drama,Romance
21,Se7en,Crime,Drama,Mystery
22,The Silence of the Lambs,Crime,Drama,Thriller
23,Seppuku,Action,Drama,Mystery
25,It's a Wonderful Life,Drama,Family,Fantasy
26,Gisaengchung,Comedy,Drama,Thriller
28,The Intouchables,Biography,Comedy,Drama
29,The Prestige,Drama,Mystery,Sci-Fi
30,The Departed,Crime,Drama,Thriller
31,The Pianist,Biography,Drama,Music
32,Gladiator,Action,Adventure,Drama
34,The Usual Suspects,Crime,Drama,Mystery
35,Léon,Action,Crime,Drama
36,The Lion King,Animation,Adventure,Drama
38,Hotaru no haka,Animation,Drama,War
39,Apocalypse Now,Drama,Mystery,War
40,Casablanca,Drama,Romance,War
41,Modern Times,Comedy,Drama,Romance
42,City Lights,Comedy,Drama,Romance
44,Joker,Crime,Drama,Thriller
45,Kimi no na wa.,Animation,Drama,Fantasy
46,Avengers: Endgame,Action,Adventure,Drama
0,Elvis,Biography,Drama,Music
1,Rocketry: The Nambi Effect,Action,Biography,Drama
2,House of Gucci,Biography,Crime,Drama
3,Major,Action,Biography,Drama
4,Goodfellas,Biography,Crime,Drama
5,The Wolf of Wall Street,Biography,Comedy,Crime
6,Jerry &amp; Marge Go Large,Biography,Comedy,Drama
7,A Call to Spy,Biography,Crime,Drama
9,Thirteen Lives,Biography,Drama,Thriller
10,Oppenheimer,Biography,Drama,History
11,Rise,Biography,Drama,Sport
12,Legend,Biography,Crime,Drama
13,Bohemian Rhapsody,Biography,Drama,Music
14,Catch Me If You Can,Biography,Crime,Drama
15,Rocketman,Biography,Drama,Musical
16,Schindler's List,Biography,Drama,History
17,Tombstone,Biography,Drama,History
18,King Richard,Biography,Drama,Sport
19,Hamilton,Biography,Drama,History
20,The Greatest Showman,Biography,Drama,Musical
21,Braveheart,Biography,Drama,History
22,Lone Survivor,Action,Biography,Drama
23,Hacksaw Ridge,Biography,Drama,History
24,Blonde,Biography,Drama,Mystery
25,Born on the Fourth of July,Biography,Drama,War
26,Yankee Doodle Dandy,Biography,Drama,Family
27,The Buddy Holly Story,Biography,Drama,Music
28,The Irishman,Biography,Crime,Drama
30,Ford v Ferrari,Action,Biography,Drama
31,The Big Short,Biography,Comedy,Drama
34,Vice,Biography,Comedy,Drama
36,The Imitation Game,Biography,Drama,Thriller
37,The Sound of Music,Biography,Drama,Family
39,The Fighter,Action,Biography,Drama
40,War Dogs,Biography,Comedy,Crime
41,Green Book,Biography,Comedy,Drama
42,Into the Wild,Adventure,Biography,Drama
43,Rush,Action,Biography,Drama
44,Bergen,Biography,Drama,Music
45,The King,Biography,Drama,History
46,The Pianist,Biography,Drama,Music
47,Hidden Figures,Biography,Drama,History
48,Molly's Game,Biography,Crime,Drama
49,The Blind Side,Biography,Drama,Sport
1,The Dark Knight,Action,Crime,Drama
4,Jai Bhim,Crime,Drama,Mystery
6,Goodfellas,Biography,Crime,Drama
8,The Green Mile,Crime,Drama,Fantasy
9,Se7en,Crime,Drama,Mystery
10,The Silence of the Lambs,Crime,Drama,Thriller
11,The Departed,Crime,Drama,Thriller
13,The Usual Suspects,Crime,Drama,Mystery
14,Léon,Action,Crime,Drama
15,Joker,Crime,Drama,Thriller
16,Tengoku to jigoku,Crime,Drama,Mystery
17,Witness for the Prosecution,Crime,Drama,Mystery
19,Heat,Action,Crime,Drama
20,Reservoir Dogs,Crime,Drama,Thriller
23,The Sting,Comedy,Crime,Drama
26,Double Indemnity,Crime,Drama,Film-Noir
27,M - Eine Stadt sucht einen Mörder,Crime,Mystery,Thriller
28,The Wolf of Wall Street,Biography,Comedy,Crime
29,No Country for Old Men,Crime,Drama,Thriller
30,Batman Begins,Action,Crime,Drama
31,Kill Bill: Vol. 1,Action,Crime,Drama
32,"Lock, Stock and Two Smoking Barrels",Action,Comedy,Crime
33,L.A. Confidential,Crime,Drama,Mystery
37,Rashômon,Crime,Drama,Mystery
38,"Three Billboards Outside Ebbing, Missouri",Comedy,Crime,Drama
39,The Grand Budapest Hotel,Adventure,Comedy,Crime
40,Spotlight,Biography,Crime,Drama
41,Prisoners,Crime,Drama,Mystery
42,Salinui chueok,Crime,Drama,Mystery
43,Catch Me If You Can,Biography,Crime,Drama
47,In the Name of the Father,Biography,Crime,Drama
0,Jai Bhim,Crime,Drama,Mystery
1,Sen to Chihiro no kamikakushi,Animation,Adventure,Family
2,The Green Mile,Crime,Drama,Fantasy
3,Se7en,Crime,Drama,Mystery
4,Seppuku,Action,Drama,Mystery
5,The Prestige,Drama,Mystery,Sci-Fi
6,The Usual Suspects,Crime,Drama,Mystery
7,Apocalypse Now,Drama,Mystery,War
8,Psycho,Horror,Mystery,Thriller
10,Coco,Animation,Adventure,Comedy
11,The Lives of Others,Drama,Mystery,Thriller
12,Oldeuboi,Action,Drama,Mystery
14,Tengoku to jigoku,Crime,Drama,Mystery
15,Witness for the Prosecution,Crime,Drama,Mystery
17,North by Northwest,Action,Adventure,Mystery
18,Vertigo,Mystery,Romance,Thriller
19,Double Indemnity,Crime,Drama,Film-Noir
21,M - Eine Stadt sucht einen Mörder,Crime,Mystery,Thriller
22,El secreto de sus ojos,Drama,Mystery,Romance
25,The Sixth Sense,Drama,Mystery,Thriller
26,L.A. Confidential,Crime,Drama,Mystery
27,The Thing,Horror,Mystery,Sci-Fi
28,Chinatown,Drama,Mystery,Thriller
29,Rashômon,Crime,Drama,Mystery
30,Gone Girl,Drama,Mystery,Thriller
31,Prisoners,Crime,Drama,Mystery
32,Harry Potter and the Deathly Hallows: Part 2,Adventure,Fantasy,Mystery
33,Salinui chueok,Crime,Drama,Mystery
34,The Third Man,Film-Noir,Mystery,Thriller
35,Rebecca,Drama,Film-Noir,Mystery
